,WID,Label,Eth Balance,Txn Count,Exchange,ERC 20 Txn,ERC 20 Txn In,ERC 20 Txn Out,ERC721 Txn Out,ERC721 Txn In,ERC721 Txn
0,0x4dc98c79a52968a6c20ce9a7a08d5e8d1c2d5605,,0.00477614 Ether,,Y,,,,,,
1,0xbb3fd383d1c5540e52ef0a7bcb9433375793aeaf,,5.25604866 Ether,,Y,,,,,,
2,0x1ccbdff6336b1027995a27a77b41fa87eb6608a3,,0.06097497 Ether,,Y,,,,,,
3,0x05f51aab068caa6ab7eeb672f88c180f67f17ec7,ABCC,0 Ether,,Y,,,,,,
4,0x2ddd202174a72514ed522e77972b461b03155525,Alcumex Exchange,0 Ether,,Y,,,,,,
5,0xaecbe94703df39b49ac440feb177c7f1f782c064,APROBIT,0.00582716 Ether,,Y,,,,,,
6,0xf0c80fb9fb22bef8269cb6feb9a51130288a671f,Artis Turba Exchange 1,0.00188909 Ether,,Y,,,,,,
7,0x94597850916a49b3b152ee374e97260b99249f5b,Artis Turba Exchange 2,0.52252374 Ether,,Y,,,,,,
8,0x82a403c14483931b2ff6e4440c8373ccfee698b8,ArzPaya.com,18.5793372 Ether,,Y,,,,,,
9,0x03bdf69b1322d623836afbd27679a1c0afa067e9,AscendEX 1,0.84458908 Ether,,Y,,,,,,
10,0x4b1a99467a284cc690e3237bc69105956816f762,AscendEX 2,"3,122.80773217 Ether",,Y,,,,,,
11,0x986a2fca9eda0e06fbf7839b89bfc006ee2a23dd,AscendEX 3,0 Ether,,Y,,,,,,
12,0x4df5f3610e2471095a130d7d934d551f3dde01ed,ATAIX,9.6844017 Ether,,Y,,,,,,
13,0x92dbd8e0a46edd62aa42d1f7902d0e496bddc15a,Azbit,0.01356146 Ether,,Y,,,,,,
14,0xadb72986ead16bdbc99208086bd431c1aa38938e,Beaxy,0 Ether,,Y,,,,,,
15,0x258b7b9a1ba92f47f5f4f5e733293477620a82cb,Beldex,0.41845816 Ether,,Y,,,,,,
16,0x7a10ec7d68a048bdae36a70e93532d31423170fa,Bgogo 1,0.04048271 Ether,,Y,,,,,,
17,0xce1bf8e51f8b39e51c6184e059786d1c0eaf360f,Bgogo 2,0.0081074 Ether,,Y,,,,,,
18,0xf73c3c65bde10bf26c2e1763104e609a41702efe,Bibox,57.97151043 Ether,,Y,,,,,,
19,0x0bb5de248dbbd31ee6c402c3c4a70293024acf74,Bidesk 2,0.00624614 Ether,,Y,,,,,,
20,0xed5cdb0d02152046e6f234ad578613831b9184d4,Bidesk 3,0.00374962 Ether,,Y,,,,,,
21,0xa30d8157911ef23c46c0eb71889efe6a648a41f7,BigONE,761.2941501 Ether,,Y,,,,,,
22,0x6eff3372fa352b239bb24ff91b423a572347000d,BIKI.com,17.71586368 Ether,,Y,,,,,,
23,0xf7793d27a1b76cdf14db7c83e82c772cf7c92910,Bilaxy 1,0.02510312 Ether,,Y,,,,,,
24,0xcce8d59affdd93be338fc77fa0a298c2cb65da59,Bilaxy 2,0.09390058 Ether,,Y,,,,,,
25,0x3f5ce5fbfe3e9af3971dd833d26ba9b5c936f0be,Binance,2.37215561 Ether,,Y,,,,,,
26,0x85b931a32a0725be14285b66f1a22178c672d69b,Binance 10,0.32660755 Ether,,Y,,,,,,
27,0x708396f17127c42383e3b9014072679b2f60b82f,Binance 11,12.02575677 Ether,,Y,,,,,,
28,0xe0f0cfde7ee664943906f17f7f14342e76a5cec7,Binance 12,0.1038359 Ether,,Y,,,,,,
29,0x8f22f2063d253846b53609231ed80fa571bc0c8f,Binance 13,1.15754875 Ether,,Y,,,,,,
30,0x28c6c06298d514db089934071355e5743bf21d60,Binance 14,"203,987.43173825 Ether",,Y,,,,,,
31,0x21a31ee1afc51d94c2efccaa2092ad1028285549,Binance 15,"24,816.36964013 Ether",,Y,,,,,,
32,0xdfd5293d8e347dfe59e90efd55b2956a1343963d,Binance 16,"22,669.15780935 Ether",,Y,,,,,,
33,0x56eddb7aa87536c09ccc2793473599fd21a8b17f,Binance 17,"24,413.43872544 Ether",,Y,,,,,,
34,0x9696f59e4d72e237be84ffd425dcad154bf96976,Binance 18,"16,244.21941179 Ether",,Y,,,,,,
35,0x4d9ff50ef4da947364bb9650892b2554e7be5e2b,Binance 19,196.63174845 Ether,,Y,,,,,,
36,0xd551234ae421e3bcba99a0da6d736074f22192ff,Binance 2,0.43360673 Ether,,Y,,,,,,
37,0x4976a4a02f38326660d17bf34b431dc6e2eb2327,Binance 20,"23,097.00373032 Ether",,Y,,,,,,
38,0xd88b55467f58af508dbfdc597e8ebd2ad2de49b3,Binance 21,0.00930047 Ether,,Y,,,,,,
39,0x7dfe9a368b6cf0c0309b763bb8d16da326e8f46e,Binance 22,0.01556188 Ether,,Y,,,,,,
40,0x345d8e3a1f62ee6b1d483890976fd66168e390f2,Binance 23,0.02474342 Ether,,Y,,,,,,
41,0xc3c8e0a39769e2308869f7461364ca48155d1d9e,Binance 24,0.04272547 Ether,,Y,,,,,,
42,0x2e581a5ae722207aa59acd3939771e7c7052dd3d,Binance 25,0.058971 Ether,,Y,,,,,,
43,0x44592b81c05b4c35efb8424eb9d62538b949ebbf,Binance 26,0.04540433 Ether,,Y,,,,,,
44,0xd5fd1bc99d5801278345e9d29be2225d06c26e93,Binance 27,0.03378002 Ether,,Y,,,,,,
45,0x06a0048079ec6571cd1b537418869cde6191d42d,Binance 29,"37,913.56193792 Ether",,Y,,,,,,
46,0x564286362092d8e7936f0549571a803b203aaced,Binance 3,12.08783392 Ether,,Y,,,,,,
47,0x892e9e24aea3f27f4c6e9360e312cce93cc98ebe,Binance 30,0.05525251 Ether,,Y,,,,,,
48,0x00799bbc833d5b168f0410312d2a8fd9e0e3079c,Binance 31,0.20173175 Ether,,Y,,,,,,
49,0x141fef8cd8397a390afe94846c8bd6f4ab981c48,Binance 32,6.66664407 Ether,,Y,,,,,,
50,0x50d669f43b484166680ecc3670e4766cdb0945ce,Binance 33,0.48106511 Ether,,Y,,,,,,
51,0x2f7e209e0f5f645c7612d7610193fe268f118b28,Binance 34,0.00391098 Ether,,Y,,,,,,
52,0x0681d8db095565fe8a346fa0277bffde9c0edbbf,Binance 4,2.41036164 Ether,,Y,,,,,,
53,0xfe9e8709d3215310075d67e3ed32a380ccf451c8,Binance 5,0.08142106 Ether,,Y,,,,,,
54,0x4e9ce36e442e55ecd9025b9a6e0d88485d628a67,Binance 6,0.10383631 Ether,,Y,,,,,,
55,0xbe0eb53f46cd790cd13851d5eff43d12404d33e8,Binance 7,"1,996,008.34195866 Ether",,Y,,,,,,
56,0xf977814e90da44bfa03b6295a0616a897441acec,Binance 8,"421,741.51469598 Ether",,Y,,,,,,
57,0x001866ae5b3de6caa5a51543fd9fb64f524f5478,Binance 9,"1,113.13702678 Ether",,Y,,,,,,
58,0xab83d182f3485cf1d6ccdd34c7cfef95b4c08da4,Binance JEX,48.99844623 Ether,,Y,,,,,,
59,0x47ac0fb4f2d84898e4d9e7b4dab3c24507a6d503,Binance: Binance-Peg Tokens,0.09691021 Ether,,Y,,,,,,
60,0x4b729cf402cfcffd057e254924b32241aedc1795,Bit-Z,0.50091 Ether,,Y,,,,,,
61,0x7c49e1c0e33f3efb57d64b7690fa287c8d15b90a,Bit2C,296.66476795 Ether,,Y,,,,,,
62,0x2b49ce21ad2004cfb3d0b51b2e8ec0406d632513,Bitbee,0.35985826 Ether,,Y,,,,,,
63,0x5d375281582791a38e0348915fa9cbc6139e9c2a,BitBlinx,7.62403889 Ether,,Y,,,,,,
64,0x7a91a362d4f2c9c4627688d5b7090bbb12e5715f,Bitci,0.00005834 Ether,,Y,,,,,,
65,0x28ebe764b8f9a853509840645216d3c2c0fd774b,BiteBTC,0.10828084 Ether,,Y,,,,,,
66,0x7217d64f77041ce320c356d1a2185bcb89798a0a,Bitexlive,0.000027 Ether,,Y,,,,,,
67,0x57a47cfe647306a406118b6cf36459a1756823d0,Bitexlive 2,0.01823186 Ether,,Y,,,,,,
68,0x1151314c646ce4e0efd76d1af4760ae66a9fe30f,Bitfinex 1,9.9617274 Ether,,Y,,,,,,
69,0x36a85757645e8e8aec062a1dee289c7d615901ca,Bitfinex 10,"177,328.30765968 Ether",,Y,,,,,,
70,0xc56fefd1028b0534bfadcdb580d3519b5586246e,Bitfinex 11,"95,263.26323519 Ether",,Y,,,,,,
71,0x0b73f67a49273fc4b9a65dbd25d7d0918e734e63,Bitfinex 12,"34,740.37540505 Ether",,Y,,,,,,
72,0x482f02e8bc15b5eabc52c6497b425b3ca3c821e8,Bitfinex 13,"27,299.26292826 Ether",,Y,,,,,,
73,0x742d35cc6634c0532925a3b844bc454e4438f44e,Bitfinex 2,"541,049.98163229 Ether",,Y,,,,,,
74,0x876eabf441b2ee5b5b0554fd502a8e0600950cfa,Bitfinex 3,"29,454.19595013 Ether",,Y,,,,,,
75,0xdcd0272462140d0a3ced6c4bf970c7641f08cd2c,Bitfinex 4,"123,587.69025187 Ether",,Y,,,,,,
76,0x4fdd5eb2fb260149a3903859043e962ab89d8ed4,Bitfinex 5,"100,116.86592345 Ether",,Y,,,,,,
77,0x1b29dd8ff0eb3240238bf97cafd6edea05d5ba82,Bitfinex 6,"91,851.42590191 Ether",,Y,,,,,,
78,0x30a2ebf10f34c6c4874b0bdd5740690fd2f3b70c,Bitfinex 7,"88,557.10429568 Ether",,Y,,,,,,
79,0x3f7e77b627676763997344a1ad71acb765fc8ac5,Bitfinex 8,"75,026.12978599 Ether",,Y,,,,,,
80,0x59448fe20378357f206880c58068f095ae63d5a5,Bitfinex 9,"215,368.75591044 Ether",,Y,,,,,,
81,0xab7c74abc0c4d48d1bdad5dcb26153fc8780f83e,Bitfinex: MultiSig 1,0.01470426 Ether,,Y,,,,,,
82,0xc6cde7c39eb2f0f0095f41570af89efc2c1ea828,Bitfinex: MultiSig 2,0.14412363 Ether,,Y,,,,,,
83,0xc61b9bb3a7a0767e3179713f3a5c7a9aedce193c,Bitfinex: MultiSig 3,"500,020.76046368 Ether",,Y,,,,,,
84,0x111cff45948819988857bbf1966a0399e0d1141e,bitFlyer,"41,174.63545229 Ether",,Y,,,,,,
85,0xdf5021a4c1401f1125cd347e394d977630e17cf7,BITFRONT,263.9989784 Ether,,Y,,,,,,
86,0x88d34944cf554e9cccf4a24292d891f620e9c94f,Bithumb 1,0 Ether,,Y,,,,,,
87,0x186549a4ae594fc1f70ba4cffdac714b405be3f9,Bithumb 10,0 Ether,,Y,,,,,,
88,0xd273bd546b11bd60214a2f9d71f22a088aafe31b,Bithumb 11,0 Ether,,Y,,,,,,
89,0x558553d54183a8542f7832742e7b4ba9c33aa1e6,Bithumb 12,"200,000.664584 Ether",,Y,,,,,,
90,0x3052cd6bf951449a984fe4b5a38b46aef9455c8e,Bithumb 2,0.02023213 Ether,,Y,,,,,,
91,0x2140efd7ba31169c69dfff6cdc66c542f0211825,Bithumb 3,0.0029 Ether,,Y,,,,,,
92,0xa0ff1e0f30b5dda2dc01e7e828290bc72b71e57d,Bithumb 4,0 Ether,,Y,,,,,,
93,0xc1da8f69e4881efe341600620268934ef01a3e63,Bithumb 5,0 Ether,,Y,,,,,,
94,0xb4460b75254ce0563bb68ec219208344c7ea838c,Bithumb 6,0 Ether,,Y,,,,,,
95,0x15878e87c685f866edfaf454be6dc06fa517b35b,Bithumb 7,0 Ether,,Y,,,,,,
96,0x31d03f07178bcd74f9099afebd23b0ae30184ab5,Bithumb 8,0 Ether,,Y,,,,,,
97,0xed48dc0628789c2956b1e41726d062a86ec45bff,Bithumb 9,0 Ether,,Y,,,,,,
98,0x3fbe1f8fc5ddb27d428aa60f661eaaab0d2000ce,Bithumb: Contract 1,16.59320371 Ether,,Y,,,,,,
99,0xdb044b8298e04d442fdbe5ce01b8cc8f77130e33,Bitkub Hot Wallet 1,"1,474.48677475 Ether",,Y,,,,,,
100,0xe79eef9b9388a4ff70ed7ec5bccd5b928ebb8bd1,BitMart,0.199979 Ether,,Y,,,,,,
101,0x68b22215ff74e3606bd5e6c1de8c2d68180c85f7,BitMart 2,0.118737 Ether,,Y,,,,,,
102,0xeea81c4416d71cef071224611359f6f99a4c4294,BitMEX 1,1.47223034 Ether,,Y,,,,,,
103,0xfb8131c260749c7835a08ccbdb64728de432858e,BitMEX 2,10.7277832 Ether,,Y,,,,,,
104,0x6cc8dcbca746a6e4fdefb98e1d0df903b107fd21,Bitrue,62.21884494 Ether,,Y,,,,,,
105,0x00bdb5699745f5b860228c8f939abf1b9ae374ed,Bitstamp 1,281.24433589 Ether,,Y,,,,,,
106,0x1522900b6dafac587d499a862861c0869be6e428,Bitstamp 2,"8,647.03518461 Ether",,Y,,,,,,
107,0x9a9bed3eb03e386d66f8a29dc67dc29bbb1ccb72,Bitstamp 3,"4,501.02 Ether",,Y,,,,,,
108,0x059799f2261d37b829c2850cee67b5b975432271,Bitstamp 4,34.48287 Ether,,Y,,,,,,
109,0x4c766def136f59f6494f0969b1355882080cf8e0,Bitstamp 5,"29,017.48057762 Ether",,Y,,,,,,
110,0xc5b611f502a0dcf6c3188fd494061ae29b2baa4f,Bitstamp 6,1.5 Ether,,Y,,,,,,
111,0x964771f6df31eea2d927fa71d7bd78e81bcdce05,Bitstamp: Contract 1,0 Ether,,Y,,,,,,
112,0x1b8a38ea02ceda9440e00c1aeba26ee2dc570423,BITStorage,0.00061188 Ether,,Y,,,,,,
113,0xfbb1b73c4f0bda4f67dca266ce6ef42f520fbb98,Bittrex,"6,090.81919033 Ether",,Y,,,,,,
114,0xe94b04a0fed112f3664e45adb2b8915693dd5ff3,Bittrex 2,0 Ether,,Y,,,,,,
115,0x66f820a414680b5bcda5eeca5dea238543f42054,Bittrex 3,"206,099.65877678 Ether",,Y,,,,,,
116,0xaa90b4aae74cee41e004bc45e45a427406c4dcae,BitUN.io 1,0 Ether,,Y,,,,,,
117,0xf8d04a720520d0bcbc722b1d21ca194aa22699f2,BitUN.io 2,0.00097022 Ether,,Y,,,,,,
118,0xfb9f7f41319157ac5c5dccae308a63a4337ad5d9,Bity.com,0.48655556 Ether,,Y,,,,,,
119,0x00cdc153aa8894d08207719fe921fff964f28ba3,Bitzlato,570.80573745 Ether,,Y,,,,,,
120,0x25eaff5b179f209cf186b1cdcbfa463a69df4c45,Blockfolio,"135,360.07422362 Ether",,Y,,,,,,
121,0x007174732705604bbbf77038332dc52fd5a5000c,BlockTrades Exchange,60.00427015 Ether,,Y,,,,,,
122,0xdf8752caa319668006580ddf48db25a23728b926,Bololex.com,0.00084255 Ether,,Y,,,,,,
123,0x1c00d840ccaa67c494109f46e55cfeb2d8562f5c,BTC-Alpha Exchange,0.00073491 Ether,,Y,,,,,,
124,0x73957709695e73fd175582105c44743cf0fb6f2f,Bw.com,0.01486057 Ether,,Y,,,,,,
125,0xd7c866d0d536937bf9123e02f7c052446588189f,C2CX: Hot Wallet,0 Ether,,Y,,,,,,
126,0x88988d6ef12d7084e34814b9edafa01ae0d05082,CamboChanger 2,0 Ether,,Y,,,,,,
127,0x72bcfa6932feacd91cb2ea44b0731ed8ae04d0d3,Cashierest,279.96176086 Ether,,Y,,,,,,
128,0x7a56f645dcb513d0326cbaa048e9106ff6d4cd5f,Catex Exchange,35.46454121 Ether,,Y,,,,,,
129,0xfd648cc72f1b4e71cbdda7a0a91fe34d32abd656,ChainX,0.10233008 Ether,,Y,,,,,,
130,0x96fc4553a00c117c5b0bed950dd625d1c16dc894,Changelly,0.001507 Ether,,Y,,,,,,
131,0x8958618332df62af93053cb9c535e26462c959b0,Cobinhood 1,2.00126783 Ether,,Y,,,,,,
132,0xb726da4fbdc3e4dbda97bb20998cf899b0e727e0,Cobinhood 2,0.12600316 Ether,,Y,,,,,,
133,0x71660c4005ba85c37ccec55d0c4493e66fe775d3,Coinbase 1,8.90633668 Ether,,Y,,,,,,
134,0x503828976d22510aad0201ac7ec88293211d23da,Coinbase 2,12.61918614 Ether,,Y,,,,,,
135,0xddfabcdc4d8ffc6d5beaf154f18b778f892a0740,Coinbase 3,"12,856.08122619 Ether",,Y,,,,,,
136,0x3cd751e6b0078be393132286c442345e5dc49699,Coinbase 4,"9,190.57305543 Ether",,Y,,,,,,
137,0xb5d85cbf7cb3ee0d56b3bb207d5fc4b82f43f511,Coinbase 5,"5,744.56926616 Ether",,Y,,,,,,
138,0xeb2629a2734e272bcc07bda959863f316f4bd4cf,Coinbase 6,"6,550.00804831 Ether",,Y,,,,,,
139,0x9539e0b14021a43cde41d9d45dc34969be9c7cb0,Coinbene,0.00098921 Ether,,Y,,,,,,
140,0x33683b94334eebc9bd3ea85ddbda4a86fb461405,Coinbene: Cold Wallet,0.99772903 Ether,,Y,,,,,,
141,0xb6ba1931e4e74fd080587688f6db10e830f810d5,Coindelta,0.0021802 Ether,,Y,,,,,,
142,0xbf1a97d8d4229d61b031214d5bbe9a5cb1e737f9,CoinDhan,0.40604668 Ether,,Y,,,,,,
143,0xb9ee1e551f538a464e8f8c41e9904498505b49b0,Coinex,0.79108379 Ether,,Y,,,,,,
144,0x33ddd548fe3a082d753e5fe721a26e1ab43e3598,Coinex 2,"1,539.28586764 Ether",,Y,,,,,,
145,0x4b01721f0244e7c5b5f63c20942850e447f5a5ee,CoinExchange.io,0.49478542 Ether,,Y,,,,,,
146,0xd4bddf5e3d0435d7a6214a0b949c7bb58621f37c,Coinhako,104.6908103 Ether,,Y,,,,,,
147,0xf2d4766ad705e3a5c9ba5b0436b473085f82f82f,Coinhako: Warm Wallet,"14,338.39956011 Ether",,Y,,,,,,
148,0xa270f3ad1a7a82e6a3157f12a900f1e25bc4fbfd,CoinMetro Exchange,64.33474419 Ether,,Y,,,,,,
149,0x167a9333bf582556f35bd4d16a7e80e191aa6476,Coinone,"8,120.10241735 Ether",,Y,,,,,,
150,0x1e2fcfd26d36183f1a5d90f0e6296915b02bcb40,Coinone 2,"101,500.89607989 Ether",,Y,,,,,,
151,0xd0808da05cc71a9f308d330bc9c5c81bbc26fc59,Coinswitch,0.06466426 Ether,,Y,,,,,,
152,0x8705ccfd8a6df3785217c307cbebf9b793310b94,CoinW,0.36869709 Ether,,Y,,,,,,
153,0xcb243bf48fb443082fae7db47ec96cb120cd6801,CoinW 2,0.68019049 Ether,,Y,,,,,,
154,0x429bf8ec3330e02401d72beade86000d9a2e19eb,CoinW 3,21.58316825 Ether,,Y,,,,,,
155,0x6f31d347457962c9811ff953742870ef5a755de3,CoinW 4,0.10361269 Ether,,Y,,,,,,
156,0x0d6b5a54f940bf3d52e438cab785981aaefdf40c,COSS.io 1,2.47415066 Ether,,Y,,,,,,
157,0xd1560b3984b7481cd9a8f40435a53c860187174d,COSS.io: Old Warm Wallet,0.21397654 Ether,,Y,,,,,,
158,0x43f07efe28e092a0fe4ec5b5662022b461ffac80,COSS.io: Warm Wallet,0.04938769 Ether,,Y,,,,,,
159,0x521db06bf657ed1d6c98553a70319a8ddbac75a3,CREX24,4.9979 Ether,,Y,,,,,,
160,0x6262998ced04146fa42253a5c0af90ca02dfd2a3,Crypto.com,"343,659.45519637 Ether",,Y,,,,,,
161,0x46340b20830761efd32832a74d7169b29feb9758,Crypto.com 2,"4,256.71042162 Ether",,Y,,,,,,
162,0x5baeac0a0417a05733884852aa068b706967e790,Cryptopia 1,0 Ether,,Y,,,,,,
163,0x2984581ece53a4390d1f568673cf693139c97049,Cryptopia 2,0.39078397 Ether,,Y,,,,,,
164,0xe17ee7b3c676701c66b395a35f0df4c2276a344e,DigiFinex,0.0070897 Ether,,Y,,,,,,
165,0x2101e480e22c953b37b9d0fe6551c1354fe705e6,DMEX,23.96968225 Ether,,Y,,,,,,
166,0xf1c525a488a848b58b95d79da48c21ce434290f7,Eidoo,1.11390308 Ether,,Y,,,,,,
167,0x608f94df1c1d89ea13e5984d7bf107df137a6541,Eigen Fx,0 Ether,,Y,,,,,,
168,0xeb9ebf2c624ebee42e0853da6443ddc6c8020de7,Eigen Fx 2,0 Ether,,Y,,,,,,
169,0x8d76166c22658a144c0211d87abf152e6a2d9d95,Eterbase,0.00359517 Ether,,Y,,,,,,
170,0xd3808c5d48903be1490989f3fce2a2b3890e8eb6,Exchange A,0.00749664 Ether,,Y,,,,,,
171,0x1fd6267f0d86f62d88172b998390afee2a1f54b6,Exmo 1,0 Ether,,Y,,,,,,
172,0xd7b9a9b2f665849c4071ad5af77d8c76aa30fb32,Exmo 2,0.46052878 Ether,,Y,,,,,,
173,0x94fe3ad91dacba8ec4b82f56ff7c122181f1535d,Faa.st,0.90623477 Ether,,Y,,,,,,
174,0x915d7915f2b469bb654a7d903a5d4417cb8ea7df,FCoin,0 Ether,,Y,,,,,,
175,0x4e5b2e1dc63f6b91cb6cd759936495434c7e972f,FixedFloat,183.5117623 Ether,,Y,,,,,,
176,0x14301566b9669b672878d86ff0b1d18dd58054e9,Flata.Exchange,12.58448413 Ether,,Y,,,,,,
177,0x91e18ee76483fa2ec5cfe2959df46673c2565be0,Flybit,0.01086556 Ether,,Y,,,,,,
178,0x0021845f4c2604c58f9ba5b7bff58d16a2ab372c,Folgory Exchange,0 Ether,,Y,,,,,,
179,0x2faf487a4414fe77e2327f0bf4ae2a264a776ad2,FTX Exchange,"221,468.4667219 Ether",,Y,,,,,,
180,0xc098b2a3aa256d2140208c3de6543aaef5cd3a94,FTX Exchange 2,"145,279.88983375 Ether",,Y,,,,,,
181,0x0d0707963952f2fba59dd06f2b425ace40b492fe,Gate.io,"73,494.42411496 Ether",,Y,,,,,,
182,0x7793cd85c11a924478d358d49b05b37e91b5810f,Gate.io 2,237.90332846 Ether,,Y,,,,,,
183,0x1c4b70a3968436b9a0a9cf5205c787eb81bb558c,Gate.io 3,27.33005905 Ether,,Y,,,,,,
184,0xd793281182a0e3e023116004778f45c29fc14f19,Gate.io: Contract,"11,828.78872651 Ether",,Y,,,,,,
185,0x9f5ca0012b9b72e8f3db57092a6f26bf4f13dc69,GBX,0.03548489 Ether,,Y,,,,,,
186,0xd24400ae8bfebb18ca49be86258a3c749cf46853,Gemini,"43,088.88725583 Ether",,Y,,,,,,
187,0x6fc82a5fe25a5cdb58bc74600a40a69c065263f8,Gemini 2,0 Ether,,Y,,,,,,
188,0x61edcdf5bb737adffe5043706e7c5bb1f1a56eea,Gemini 3,"929,498.95358134 Ether",,Y,,,,,,
189,0x5f65f7b609678448494de4c87521cdf6cef1e932,Gemini 4,20.78079644 Ether,,Y,,,,,,
190,0xb302bfe9c246c6e150af70b1caaa5e3df60dac05,Gemini 5,0 Ether,,Y,,,,,,
191,0x8d6f396d210d385033b348bcae9e4f9ea4e045bd,Gemini 6,0 Ether,,Y,,,,,,
192,0xd69b0089d9ca950640f5dc9931a41a5965f00303,Gemini 7,"172,481.15973159 Ether",,Y,,,,,,
193,0x07ee55aa48bb72dcc6e9d78256648910de513eca,Gemini: Contract 1,"538,241.11148462 Ether",,Y,,,,,,
194,0x9fb01a2584aac5aae3fab1ed25f86c5269b32999,GGBTC.com,0.00930556 Ether,,Y,,,,,,
195,0x9c67e141c0472115aa1b98bd0088418be68fd249,HitBTC 1,0.10306233 Ether,,Y,,,,,,
196,0x59a5208b32e627891c389ebafc644145224006e8,HitBTC 2,92.9329473 Ether,,Y,,,,,,
197,0xa12431d0b9db640034b0cdfceef9cce161e62be4,HitBTC 3,407.56769498 Ether,,Y,,,,,,
198,0x980a4732c8855ffc8112e6746bd62095b4c2228f,Hoo.com,0.01179027 Ether,,Y,,,,,,
199,0xd0ec209ad2134899148bec8aef905a6e9997456a,Hoo.com 2,0.00542613 Ether,,Y,,,,,,
200,0x993b7fcba51d8f75c2dfaec0d17b6649ee0c9068,Hoo.com 3,0.01016558 Ether,,Y,,,,,,
201,0xec293b9c56f06c8f71392269313d7e2da681d9ac,Hoo.com 4,0.00701402 Ether,,Y,,,,,,
202,0x0093e5f2a850268c0ca3093c7ea53731296487eb,Hoo.com 5,5.17572393 Ether,,Y,,,,,,
203,0x008932be50098089c6a075d35f4b5182ee549f8a,Hoo.com 6,0.0911108 Ether,,Y,,,,,,
204,0x274f3c32c90517975e29dfc209a23f315c1e5fc7,Hotbit,0.03454802 Ether,,Y,,,,,,
205,0x8533a0bd9310eb63e7cc8e1116c18a3d67b1976a,Hotbit 2,1.28848115 Ether,,Y,,,,,,
206,0x562680a4dc50ed2f14d75bf31f494cfe0b8d10a1,Hotbit 3,700.20136099 Ether,,Y,,,,,,
207,0xab5c66752a9e8167967685f1450532fb96d5d24f,Huobi 1,306.88864338 Ether,,Y,,,,,,
208,0xe93381fb4c4f14bda253907b18fad305d799241a,Huobi 10,375.73330636 Ether,,Y,,,,,,
209,0xfa4b5be3f2f84f56703c42eb22142744e95a2c58,Huobi 11,384.52697935 Ether,,Y,,,,,,
210,0x46705dfff24256421a05d056c29e81bdc09723b8,Huobi 12,298.46932318 Ether,,Y,,,,,,
211,0x32598293906b5b17c27d657db3ad2c9b3f3e4265,Huobi 13,4.5649119 Ether,,Y,,,,,,
212,0x5861b8446a2f6e19a067874c133f04c578928727,Huobi 14,240.38131434 Ether,,Y,,,,,,
213,0x926fc576b7facf6ae2d08ee2d4734c134a743988,Huobi 15,245.97165317 Ether,,Y,,,,,,
214,0xeec606a66edb6f497662ea31b5eb1610da87ab5f,Huobi 16,9.52922714 Ether,,Y,,,,,,
215,0x7ef35bb398e0416b81b019fea395219b65c52164,Huobi 17,15.98998987 Ether,,Y,,,,,,
216,0x229b5c097f9b35009ca1321ad2034d4b3d5070f6,Huobi 18,0.13569696 Ether,,Y,,,,,,
217,0xd8a83b72377476d0a66683cde20a8aad0b628713,Huobi 19,792.73281894 Ether,,Y,,,,,,
218,0x6748f50f686bfbca6fe8ad62b22228b87f31ff2b,Huobi 2,364.49190426 Ether,,Y,,,,,,
219,0x90e9ddd9d8d5ae4e3763d0cf856c97594dea7325,Huobi 20,2.13287651 Ether,,Y,,,,,,
220,0x18916e1a2933cb349145a280473a5de8eb6630cb,Huobi 21,358.75536324 Ether,,Y,,,,,,
221,0x6f48a3e70f0251d1e83a989e62aaa2281a6d5380,Huobi 22,1.14906112 Ether,,Y,,,,,,
222,0xf056f435ba0cc4fcd2f1b17e3766549ffc404b94,Huobi 23,54.06083172 Ether,,Y,,,,,,
223,0x137ad9c4777e1d36e4b605e745e8f37b2b62e9c5,Huobi 24,104.02167744 Ether,,Y,,,,,,
224,0x5401dbf7da53e1c9dbf484e3d69505815f2f5e6e,Huobi 25,23.55360528 Ether,,Y,,,,,,
225,0x034f854b44d28e26386c1bc37ff9b20c6380b00d,Huobi 26,312.15583069 Ether,,Y,,,,,,
226,0x0577a79cfc63bbc0df38833ff4c4a3bf2095b404,Huobi 27,147.07601369 Ether,,Y,,,,,,
227,0x0c6c34cdd915845376fb5407e0895196c9dd4eec,Huobi 28,221.63931387 Ether,,Y,,,,,,
228,0x794d28ac31bcb136294761a556b68d2634094153,Huobi 29,38.89857106 Ether,,Y,,,,,,
229,0xfdb16996831753d5331ff813c29a93c76834a0ad,Huobi 3,295.77653381 Ether,,Y,,,,,,
230,0xfd54078badd5653571726c3370afb127351a6f26,Huobi 30,374.17090191 Ether,,Y,,,,,,
231,0xb4cd0386d2db86f30c1a11c2b8c4f4185c1dade9,Huobi 31,"1,060.5921229 Ether",,Y,,,,,,
232,0x4d77a1144dc74f26838b69391a6d3b1e403d0990,Huobi 32,7.3836079 Ether,,Y,,,,,,
233,0x28ffe35688ffffd0659aee2e34778b0ae4e193ad,Huobi 33,301.72878616 Ether,,Y,,,,,,
234,0xcac725bef4f114f728cbcfd744a731c2a463c3fc,Huobi 34,"37,196.07638844 Ether",,Y,,,,,,
235,0x73f8fc2e74302eb2efda125a326655acf0dc2d1b,Huobi 35,47.82719655 Ether,,Y,,,,,,
236,0x0a98fb70939162725ae66e626fe4b52cff62c2e5,Huobi 36,"37,386.68775024 Ether",,Y,,,,,,
237,0xf66852bc122fd40bfecc63cd48217e88bda12109,Huobi 37,43.94372691 Ether,,Y,,,,,,
238,0x49517ca7b7a50f592886d4c74175f4c07d460a70,Huobi 38,0.1003465 Ether,,Y,,,,,,
239,0x58c2cb4a6bee98c309215d0d2a38d7f8aa71211c,Huobi 39,242.29241309 Ether,,Y,,,,,,
240,0xeee28d484628d41a82d01e21d12e2e78d69920da,Huobi 4,362.94449952 Ether,,Y,,,,,,
241,0x5c985e89dde482efe97ea9f1950ad149eb73829b,Huobi 5,371.41537929 Ether,,Y,,,,,,
242,0xdc76cd25977e0a5ae17155770273ad58648900d3,Huobi 6,0.43419381 Ether,,Y,,,,,,
243,0xadb2b42f6bd96f5c65920b9ac88619dce4166f94,Huobi 7,381.00392477 Ether,,Y,,,,,,
244,0xa8660c8ffd6d578f657b72c0c811284aef0b735e,Huobi 8,0.85617525 Ether,,Y,,,,,,
245,0x1062a747393198f70f71ec65a582423dba7e5ab3,Huobi 9,322.26615352 Ether,,Y,,,,,,
246,0x3c11c3025ce387d76c2eddf1493ec55a8cc2a0f7,Idax.global,3.8516591 Ether,,Y,,,,,,
247,0x51836a753e344257b361519e948ffcaf5fb8d521,Indodax 1,501.4768213 Ether,,Y,,,,,,
248,0x9cbadd5ce7e14742f70414a6dcbd4e7bb8712719,Indodax 2,4.3629893 Ether,,Y,,,,,,
249,0xb1a34309af7f29b4195a6b589737f86e14597ddc,IndoEx LTD,42.33124245 Ether,,Y,,,,,,
250,0x352bdabe484499e4c25c3536cc3eda1edbc5ad29,KickEX,16.9433123 Ether,,Y,,,,,,
251,0x2910543af39aba0cd09dbb2d50200b3e800a63d2,Kraken,"17,811.11431657 Ether",,Y,,,,,,
252,0xae2d4617c862309a3d75a0ffb358c7a5009c673f,Kraken 10,66.14324755 Ether,,Y,,,,,,
253,0x43984d578803891dfa9706bdeee6078d80cfc79e,Kraken 11,48.00503705 Ether,,Y,,,,,,
254,0x66c57bf505a85a74609d2c83e94aabb26d691e1f,Kraken 12,231.26675251 Ether,,Y,,,,,,
255,0xda9dfa130df4de4673b89022ee50ff26f6ea73cf,Kraken 13,"2,113,030.0012 Ether",,Y,,,,,,
256,0x0a869d79a7052c7f1b55a8ebabbea3420f0d1e13,Kraken 2,1.02605799 Ether,,Y,,,,,,
257,0xe853c56864a2ebe4576a807d26fdc4a0ada51919,Kraken 3,1.59026256 Ether,,Y,,,,,,
258,0x267be1c1d684f78cb4f6a176c4911b741e4ffdc0,Kraken 4,"68,374.17067248 Ether",,Y,,,,,,
259,0xfa52274dd61e1643d2205169732f29114bc240b3,Kraken 5,0 Ether,,Y,,,,,,
260,0x89e51fa8ca5d66cd220baed62ed01e8951aa7c40,Kraken 7,195.64430967 Ether,,Y,,,,,,
261,0xc6bed363b30df7f35b601a5547fe56cd31ec63da,Kraken 8,324.66650911 Ether,,Y,,,,,,
262,0x29728d0efd284d85187362faa2d4d76c2cfc2612,Kraken 9,258.82151318 Ether,,Y,,,,,,
263,0xe8a0e282e6a3e8023465accd47fae39dd5db010b,Kryptono 1,0.02947003 Ether,,Y,,,,,,
264,0x629a7144235259336ea2694167f3c8b856edd7dc,Kryptono 2,0.00848255 Ether,,Y,,,,,,
265,0x30b71d015f60e2f959743038ce0aaec9b4c1ea44,Kryptono 3,0.01 Ether,,Y,,,,,,
266,0x2b5634c42055806a59e9107ed44d43c426e58258,KuCoin,1.47625761 Ether,,Y,,,,,,
267,0x689c56aef474df92d44a1b70850f808488f9769c,KuCoin 2,0.23346893 Ether,,Y,,,,,,
268,0xa1d8d972560c2f8144af871db508f0b0b10a3fbf,KuCoin 3,67.54234816 Ether,,Y,,,,,,
269,0x4ad64983349c49defe8d7a4686202d24b25d0ce8,KuCoin 4,62.49441092 Ether,,Y,,,,,,
270,0x1692e170361cefd1eb7240ec13d048fd9af6d667,KuCoin 5,"10,597.60064296 Ether",,Y,,,,,,
271,0xd6216fc19db775df9774a6e33526131da7d19a2c,KuCoin 6,"141,109.80967694 Ether",,Y,,,,,,
272,0xe59cd29be3be4461d79c0881d238cbe87d64595a,Kucoin 7,50.09600945 Ether,,Y,,,,,,
273,0x899b5d52671830f567bf43a14684eb14e1f945fe,KuCoin 8,0.04504431 Ether,,Y,,,,,,
274,0xf16e9b0d03470827a95cdfd0cb8a8a3b46969b91,KuCoin 9,121.26688263 Ether,,Y,,,,,,
275,0xea81ce54a0afa10a027f65503bd52fba83d745b8,Kuna.io,0.09278667 Ether,,Y,,,,,,
276,0x77ab999d1e9f152156b4411e1f3e2a42dab8cd6d,Kuna.io 2,443.95872427 Ether,,Y,,,,,,
277,0x0861fca546225fbf8806986d211c8398f7457734,LAToken,0.00062919 Ether,,Y,,,,,,
278,0x7891b20c690605f4e370d6944c8a5dbfac5a451c,LAToken 2,"2,423.40792649 Ether",,Y,,,,,,
279,0x1b6c1a0e20af81b922cb454c3e52408496ee7201,LAToken 3,0.20803932 Ether,,Y,,,,,,
280,0x8271b2e8cbe29396e9563229030c89679b9470db,Liqui.io 1,0.158133 Ether,,Y,,,,,,
281,0x5e575279bf9f4acf0a130c186861454247394c06,Liqui.io 2,0.03297435 Ether,,Y,,,,,,
282,0xedbb72e6b3cf66a792bff7faac5ea769fe810517,Liquid 1,5.78715096 Ether,,Y,,,,,,
283,0xdf4b6fb700c428476bd3c02e6fa83e110741145b,Liquid 2,1.75924244 Ether,,Y,,,,,,
284,0xdb2cad4f306b47c9b35541988c7656f1bb092e15,Liquid 3,0.03860268 Ether,,Y,,,,,,
285,0x9cc2dce817093ceea82bb67a4cf43131fa354c06,Liquid 4,0.00775509 Ether,,Y,,,,,,
286,0x243bec9256c9a3469da22103891465b47583d9f1,Livecoin.net,0 Ether,,Y,,,,,,
287,0xaf1931c20ee0c11bea17a41bfbbad299b2763bc0,Luno 1,"34,840.9185457 Ether",,Y,,,,,,
288,0x416299aade6443e6f6e8ab67126e65a7f606eef5,Luno 2,"11,952.4957095 Ether",,Y,,,,,,
289,0xe03c23519e18d64f144d2800e30e81b0065c48b5,Mercatox,9.18731895 Ether,,Y,,,,,,
290,0x75e89d5979e4f6fba9f97c104c2f0afb3f1dcb88,MEXC: Mexc.com,129.22368274 Ether,,Y,,,,,,
291,0x0211f3cedbef3143223d3acf0e589747933e8527,MEXC: Mexc.com 2,"1,008.65036423 Ether",,Y,,,,,,
292,0xac338d9faac562df26d702880c796e1024e2698a,MinedTrade.com,0.08228726 Ether,,Y,,,,,,
293,0xae7006588d03bd15d6954e3084a7e644596bc251,NEXBIT Pro,0 Ether,,Y,,,,,,
294,0x6cc5f688a315f3dc28a7781717a9a798a59fda7b,OKEx,425.92572204 Ether,,Y,,,,,,
295,0x236f9f97e0e62388479bf9e5ba4889e46b0273c3,OKEx 2,0.78825628 Ether,,Y,,,,,,
296,0xa7efae728d2936e78bda97dc267687568dd593f3,OKEx 3,"307,009.8336129 Ether",,Y,,,,,,
297,0x2c8fbb630289363ac80705a1a61273f76fd5a161,OKEx 4,"28,912.63617468 Ether",,Y,,,,,,
298,0x59fae149a8f8ec74d5bc038f8b76d25b136b9573,OKEx 5,0.0276306 Ether,,Y,,,,,,
299,0x98ec059dc3adfbdd63429454aeb0c990fba4a128,OKEx 6,"200,000.10703597 Ether",,Y,,,,,,
300,0x5041ed759dd4afc3a72b8192c143f72f4724081a,OKEx 7,318.63984502 Ether,,Y,,,,,,
301,0x03e3ff995863828554282e80870b489cc31dc8bc,OMGFIN Exchange,5.74898707 Ether,,Y,,,,,,
302,0xaeec6f5aca72f3a005af1b3420ab8c8c7009bac8,OTCBTC,176.44201364 Ether,,Y,,,,,,
303,0xcacc694840ecebadd9b4c419e5b7f1d73fedf999,Panda.Exchange 1: Hot Wallet,4.92620113 Ether,,Y,,,,,,
304,0xb709d82f0706476457ae6bad7c3534fbf424382c,Panda.Exchange 2: Hot Wallet,0 Ether,,Y,,,,,,
305,0xbd8ef191caa1571e8ad4619ae894e07a75de0c35,Paribu 1,0.27297951 Ether,,Y,,,,,,
306,0x2bb97b6cf6ffe53576032c11711d59bd056830ee,Paribu 2,0.18046098 Ether,,Y,,,,,,
307,0xfb90501083a3b6af766c8da35d3dde01eb0d2a68,Paribu 3,2.2351916 Ether,,Y,,,,,,
308,0xabc74170f3cb8ab352820c39cc1d1e05ce9e41d3,Paribu 4,0.14496043 Ether,,Y,,,,,,
309,0x9acbb72cf67103a30333a32cd203459c6a9c3311,Paribu 5,76.87778335 Ether,,Y,,,,,,
310,0xd4dcd2459bb78d7a645aa7e196857d421b10d93f,Peatio,"1,501.3161185 Ether",,Y,,,,,,
311,0x32be343b94f860124dc4fee278fdcbd38c102d88,Poloniex,0.39868943 Ether,,Y,,,,,,
312,0x209c4784ab1e8183cf58ca33cb740efbf3fc18ef,Poloniex 2,0 Ether,,Y,,,,,,
313,0xb794f5ea0ba39494ce839613fffba74279579268,Poloniex 3,0.32508084 Ether,,Y,,,,,,
314,0xa910f92acdaf488fa6ef02174fb86208ad7722ba,Poloniex 4,"8,262.82723489 Ether",,Y,,,,,,
315,0xaa9fa73dfe17ecaa2c89b39f0bb2779613c5fc3b,Poloniex: BAT,15.40268975 Ether,,Y,,,,,,
316,0x2fa2bc2ce6a4f92952921a4caa46b3727d24a1ec,Poloniex: BNT,16.71670255 Ether,,Y,,,,,,
317,0x31a2feb9b5d3b5f4e76c71d6c92fc46ebb3cb1c1,Poloniex: CVC,12.45106279 Ether,,Y,,,,,,
318,0x6b71834d65c5c4d8ed158d54b47e6ea4ff4e5437,Poloniex: FOAM,8.24330201 Ether,,Y,,,,,,
319,0x48d466b7c0d32b61e8a82cd2bcf060f7c3f966df,Poloniex: GNO,0.0116446 Ether,,Y,,,,,,
320,0x0536806df512d6cdde913cf95c9886f65b1d3462,Poloniex: GNT,0.01136652 Ether,,Y,,,,,,
321,0x8d451ae5ee8f557a9ce7a9d7be8a8cb40002d5cb,Poloniex: KNC,5.18457198 Ether,,Y,,,,,,
322,0xbd2ec7c608a06fe975dbdca729e84dedb34ecc21,Poloniex: LOOM,2.91194632 Ether,,Y,,,,,,
323,0xc0e30823e5e628df8bc9bf2636a347e1512f0ecb,Poloniex: MANA,5.12541973 Ether,,Y,,,,,,
324,0x65f9b2e4d7aaeb40ffea8c6f5844d5ad7da257e0,Poloniex: NXC,0.0116446 Ether,,Y,,,,,,
325,0x36b01066b7fa4a0fdb2968ea0256c848e9135674,Poloniex: OMG,8.18072597 Ether,,Y,,,,,,
326,0xab11204cfeaccffa63c2d23aef2ea9accdb0a0d5,Poloniex: REP,0.0116446 Ether,,Y,,,,,,
327,0x6795cf8eb25585eadc356ae32ac6641016c550f2,Poloniex: SNT,11.89479821 Ether,,Y,,,,,,
328,0xfbf2173154f7625713be22e0504404ebfe021eae,Poloniex: STORJ,3.05589982 Ether,,Y,,,,,,
329,0x6f803466bcd17f44fa18975bf7c509ba64bf3825,Poloniex: USDC,22.11054045 Ether,,Y,,,,,,
330,0xead6be34ce315940264519f250d8160f369fa5cd,Poloniex: ZRX,2.26616789 Ether,,Y,,,,,,
331,0xd344539efe31f8b6de983a0cab4fb721fc69c547,QuantaEx 1,0.1 Ether,,Y,,,,,,
332,0x5ca39c42f4dee3a5ba8fec3ad4902157d48700bf,QuantaEx 2,0.875706 Ether,,Y,,,,,,
333,0x2a048d9a8ffdd239f063b09854976c3049ae659c,QuantaEx 3,0.00024088 Ether,,Y,,,,,,
334,0xb8cf411b956b3f9013c1d0ac8c909b086218207c,Remitano 1,0.0111412 Ether,,Y,,,,,,
335,0x2819c144d5946404c0516b6f817a960db37d4929,Remitano 2,"2,102.26093909 Ether",,Y,,,,,,
336,0x120a270bbc009644e35f0bb6ab13f95b8199c4ad,ShapeShift 1,21.28576604 Ether,,Y,,,,,,
337,0x9e6316f44baeeee5d41a1070516cc5fa47baf227,ShapeShift 2,0 Ether,,Y,,,,,,
338,0x70faa28a6b8d6829a4b1e649d26ec9a2a39ba413,ShapeShift 3,0.00020151 Ether,,Y,,,,,,
339,0x563b377a956c80d77a7c613a9343699ad6123911,ShapeShift 4,0.0042915 Ether,,Y,,,,,,
340,0xd3273eba07248020bf98a8b560ec1576a612102f,ShapeShift 5,0.00669643 Ether,,Y,,,,,,
341,0x3b0bc51ab9de1e5b7b6e34e5b960285805c41736,ShapeShift 6,0.00585394 Ether,,Y,,,,,,
342,0xeed16856d551569d134530ee3967ec79995e2051,ShapeShift 7,0.59245841 Ether,,Y,,,,,,
343,0x324cc2c9fb379ea7a0d1c0862c3b48ca28d174a4,SouthXchange,0.07133237 Ether,,Y,,,,,,
344,0x91f6d99b232153cb655ad3e0d05e13ef505f6cd5,Sparrow Exchange 1,14.44162737 Ether,,Y,,,,,,
345,0xe855283086fbee485aecf2084345a91424c23954,Sparrow Exchange 2,4.20746723 Ether,,Y,,,,,,
346,0x9bf25700727d10a857099d1033ce2cc493c3b61a,Streamity: StreamDesk,0.02124 Ether,,Y,,,,,,
347,0xa96b536eef496e21f5432fd258b6f78cf3673f74,Switchain,0.03826829 Ether,,Y,,,,,,
348,0xea3a46bd1dbd0620d80037f70d0bf7c7dc5a837c,TAGZ 1,0.06578254 Ether,,Y,,,,,,
349,0xed8204345a0cf4639d2db61a4877128fe5cf7599,TAGZ 2,0.00938087 Ether,,Y,,,,,,
350,0x3613ef1125a078ef96ffc898c4ec28d73c5b8c52,Tidex 1,990.06389267 Ether,,Y,,,,,,
351,0x0a73573cf2903d2d8305b1ecb9e9730186a312ae,Tidex 2,0 Ether,,Y,,,,,,
352,0x0068eb681ec52dbd9944517d785727310b494575,Tokocrypto,0 Ether,,Y,,,,,,
353,0xb2cc3cdd53fc9a1aeaf3a68edeba2736238ddc5d,TopBTC,39.81500846 Ether,,Y,,,,,,
354,0x1119aaefb02bf12b84d28a5d8ea48ec3c90ef1db,Trade.io,0.66790765 Ether,,Y,,,,,,
355,0x2f1233ec3a4930fd95874291db7da9e90dfb2f03,Uex,0.01233134 Ether,,Y,,,,,,
356,0x390de26d772d2e2005c6d1d24afc902bae37a4bb,Upbit,17.17902467 Ether,,Y,,,,,,
357,0xba826fec90cefdf6706858e5fbafcb27a290fbe0,Upbit 2,0.29321981 Ether,,Y,,,,,,
358,0x5e032243d507c743b061ef021e2ec7fcc6d3ab89,Upbit 3,0.25979869 Ether,,Y,,,,,,
359,0xb436c96c6de1f50a160ed307317c275424dbe4f2,Vinex,0.00057303 Ether,,Y,,,,,,
360,0x39f6a6c85d39d5abad8a398310c52e7c374f2ba3,WhiteBIT,218.96242283 Ether,,Y,,,,,,
361,0x0e5069514a3dd613350bab01b58fd850058e5ca4,Wintermute,0.01262989 Ether,,Y,,,,,,
362,0xefda0cb780a8564903285ed25df3cc024f3b2982,XT.com Hot Wallet,0.73237392 Ether,,Y,,,,,,
363,0xf5bec430576ff1b82e44ddb5a1c93f6f9d0884f3,Yobit.net,"12,004.98460946 Ether",,Y,,,,,,
364,0xd94c9ff168dc6aebf9b6cc86deff54f3fb0afc33,Yunbi 1,0.05966707 Ether,,Y,,,,,,
365,0x42da8a05cb7ed9a43572b5ba1b8f82a0a6e263dc,Yunbi 2,0.72990862 Ether,,Y,,,,,,
366,0x700f6912e5753e91ea3fae877a2374a2db1245d7,Yunbi 3,0.70965759 Ether,,Y,,,,,,
367,0x60d0cc2ae15859f69bf74dadb8ae3bd58434976b,ZB.com,0.96242144 Ether,,Y,,,,,,
368,0x0021830e0dcff52b5e7b224375401df7bccd2d9a,,,,N,,,,,,
369,0x0037e222bd8f047a453b9ed0b04067c95e56bcb3,,,,N,,,,,,
370,0x0041e3db2b27d16a2f4fd5f6a5622974fff104dd,,,,N,,,,,,
371,0x0111c0ae7b04a773b6f73d7fe65006713678f0c7,,,,N,,,,,,
372,0x015aec69cc4136117dfe8872c7435ccb0501ab90,,,,N,,,,,,
373,0x01dc8039dcd583cebf44db8c58b425963e418aa8,,,,N,,,,,,
374,0x03334c1954f2ba03975bd30196969fa9ee6acfa7,,,,N,,,,,,
375,0x03ae637de32ef9977cd622f63444239161da87d8,,,,N,,,,,,
376,0x0455a1567bb83b5a253fa61b2b0f414e8545cd7e,,,,N,,,,,,
377,0x054ce8fa824a28ee1b2c749e0a7d6f4694eeb2f0,,,,N,,,,,,
378,0x0557f90d7ab4bd350fb48eb07ffda16e7eb8bbab,,,,N,,,,,,
379,0x0615dbba33fe61a31c7ed131bda6655ed76748b1,,,,N,,,,,,
380,0x06f3cb03ad42808cf471e44530c1ddfa3fed518c,,,,N,,,,,,
381,0x07cf5e985d4e0a291dad85f64de9d62a9039db93,,,,N,,,,,,
382,0x091a81d222f796324bf7d840d4df92920834bd0b,,,,N,,,,,,
383,0x091cf2f3cd8e6c384ad2e25ec22c83eab7578d98,,,,N,,,,,,
384,0x09224da163bd5e36f19c0285789c66605a713a97,,,,N,,,,,,
385,0x0b6438f10fdae49e48815c4b5222b562789fb9f6,,,,N,,,,,,
386,0x0bf8422f0a124e664f4ac2ec42cfe50afe8b8906,,,,N,,,,,,
387,0x0bf8c9969040c049a269d4766d3cd59b91a59a79,,,,N,,,,,,
388,0x0c5f8a049eed1dcfea0f42df2396e82ef3cc6ee6,,,,N,,,,,,
389,0x0c995006f8fe058fe7f9b3f7ce45eaf21c06907f,,,,N,,,,,,
390,0x0cce9063088bad07a7e4a934646f357608f4867b,,,,N,,,,,,
391,0x0cd33186e2e66332ed4693bb65738d2eef478c14,,,,N,,,,,,
392,0x0cfa8c74fe6bff99a4379cb80a531d0582f7f636,,,,N,,,,,,
393,0x0ddf54cb7e44efc8960fbeb0339bdd2631f7cda7,,,,N,,,,,,
394,0x0dfd7d5d98f5075a0331cf18dc9a645f0bd456c6,,,,N,,,,,,
395,0x0e0a4d0f7369ca13cba4cea4d1d62ca72e682771,,,,N,,,,,,
396,0x0eb83fb0c7b9eea97858c7635f2c2d114f432e4a,,,,N,,,,,,
397,0x109c8b70c5146bb7fdd404f42f6490d38f3c1938,,,,N,,,,,,
398,0x10afa2966ce8f5c1dd937a0c8ebf457fdab159ab,,,,N,,,,,,
399,0x11b52a547304cb809a088df91076c167b2ce85f7,,,,N,,,,,,
400,0x12b24cd3dbe197bb2fcf64a14a5a34a0d78c255a,,,,N,,,,,,
401,0x138bbd5bb806e6948a5de58a65fc6eeb17f94e39,,,,N,,,,,,
402,0x13f4642780cb01566f2e5f31d4d8787a5f50c1d4,,,,N,,,,,,
403,0x1434f19804789e494e271f9cef8450e51790fcd2,,,,N,,,,,,
404,0x147683a5bdf3d06b363c250699e37ea44b2ae686,,,,N,,,,,,
405,0x150f7a2621c2bb15721dc164ae06679cea2f4bb8,,,,N,,,,,,
406,0x151b381058f91cf871e7ea1ee83c45326f61e96d,,,,N,,,,,,
407,0x1544b21269b44e4d55c94bfe28e085dc8f8cf072,,,,N,,,,,,
408,0x1549f0da81ae6cfa147414361ee24dab56596c9a,,,,N,,,,,,
409,0x16361c788a2749d8863cf1549107481482c6a512,,,,N,,,,,,
410,0x16552fa899f2e3a579315dbea75c19de9aa3ef37,,,,N,,,,,,
411,0x176f3dab24a159341c0509bb36b833e7fdd0a132,,,,N,,,,,,
412,0x1843b604b34eb2993bd4dcd9167c3bb4339f41da,,,,N,,,,,,
413,0x185fc964311e959d03df3b621ba76894f8dbe4fb,,,,N,,,,,,
414,0x187c0e0aa33282096b39a33457939f1dc3ea8e0f,,,,N,,,,,,
415,0x187cf68e04ebf82e81ddc5da47e2b51e9308ff8f,,,,N,,,,,,
416,0x19fe135d520ebb3888d16677f98bcc0f15fdd5bf,,,,N,,,,,,
417,0x1a7092ee314e91f41b3ffd4a720d626264d0d5c1,,,,N,,,,,,
418,0x1ac1e87b41794018841adece1a54d424008fed57,,,,N,,,,,,
419,0x1b3cb81e51011b549d78bf720b0d924ac763a7c2,,,,N,,,,,,
420,0x1b46875ea0084d036357ed88c8c5a971cf4e1a8e,,,,N,,,,,,
421,0x1bdba0a0efdf77387e001e08102b90496d6d8351,,,,N,,,,,,
422,0x1c8238eb215814e918c2948a7b6d61e68e584b99,,,,N,,,,,,
423,0x1cb4d86982c55499c383ea865098632f11670deb,,,,N,,,,,,
424,0x1e1d4705a61b38c097832dcdd77b35cfa829b996,,,,N,,,,,,
425,0x1e86580720eea6d60c58b77dc3e54d3aef198220,,,,N,,,,,,
426,0x1f404d04bb0008ae46a923108b6a51d64cde880f,,,,N,,,,,,
427,0x20547ef585371a71c73b526650d5a72e74daa298,,,,N,,,,,,
428,0x2184ad186ff046e1038d9ebbefab82e297f37e95,,,,N,,,,,,
429,0x21aa10ff06a366b642d034a6a0fcb1d88b9e804c,,,,N,,,,,,
430,0x220bda5c8994804ac96ebe4df184d25e5c2196d4,,,,N,,,,,,
431,0x22f9dcf4647084d6c31b2765f6910cd85c178c18,,,,N,,,,,,
432,0x2381bd1dd8a46471fb73b8706efb3aa02d7a70d0,,,,N,,,,,,
433,0x23fcac18ba310e10704f86bc75c42991f7c60113,,,,N,,,,,,
434,0x244e311449a4823fb0ed83810c72fd2b5a2b96dc,,,,N,,,,,,
435,0x254260542282345818b827be6c44f533fe15193a,,,,N,,,,,,
436,0x26ea609211f83f9be9078f3790a0b39b03150477,,,,N,,,,,,
437,0x28082e3fccd81262fd4a18b3f6d750331c3e7fe3,,,,N,,,,,,
438,0x281916401c25170d209898ca73b49e21ab0f793b,,,,N,,,,,,
439,0x2871dcf2a26d058e5919fec0408c31734a1f8683,,,,N,,,,,,
440,0x2a038e100f8b85df21e4d44121bdbfe0c288a869,,,,N,,,,,,
441,0x2a2f17db6f5a9dff54ca0594046635978c4bd396,,,,N,,,,,,
442,0x2a5499ceb5f2fae45630e65ee2082cda92248a31,,,,N,,,,,,
443,0x2a8565573d0b033ee4910484d0e4000092898686,,,,N,,,,,,
444,0x2b858f3e9247bb62eb06d3dc1e15bc6fa0fda195,,,,N,,,,,,
445,0x2b8f85fdbd622bf25574226fa82d2e625129154d,,,,N,,,,,,
446,0x2bad11a4ccfa191d7cd4cb7c994fc84b0fe86970,,,,N,,,,,,
447,0x2c42e1486ed72ca8ef4c8b636a5e967356519b01,,,,N,,,,,,
448,0x2d675694f071422297575d11648d072323a9820a,,,,N,,,,,,
449,0x2e7c2b8e45b8ceee6103c67d673b9051bd21ced7,,,,N,,,,,,
450,0x2ea32f87107e50a168ea0834bc92501226e1279f,,,,N,,,,,,
451,0x30a224f0d1928b2cb995506e520d8959f0090813,,,,N,,,,,,
452,0x30b8235f492265a734347c0bf36e2ffcad887be2,,,,N,,,,,,
453,0x311a246119135b0ddb610fec9087b3338c856b07,,,,N,,,,,,
454,0x31c99cf29651a9b9fdfab62c7c483d52d8a172ea,,,,N,,,,,,
455,0x32f7b29eb742f77e24c6919f6cf7b019a30981ae,,,,N,,,,,,
456,0x3341caba0d179392bd9a8bc4ffca3e020fcb284e,,,,N,,,,,,
457,0x33fd66a93f296072932dc27e7b9769e3ba5f18a9,,,,N,,,,,,
458,0x343126bbde06a8bcbbd71eb966705f5a8a12eb8d,,,,N,,,,,,
459,0x35032f94ab8d9ad6edf182f87983239a3c1b1238,,,,N,,,,,,
460,0x351b24e425052d644efdf7add29312a7f5864ddf,,,,N,,,,,,
461,0x351c0381d2a6a97d9c7c5090ea5451c83c06b6de,,,,N,,,,,,
462,0x354c0cde1a644161731e4c1dc0af84217a1edc51,,,,N,,,,,,
463,0x359eea42dc1d61d53e9537225c0ecd0ab9915c1b,,,,N,,,,,,
464,0x369ec1589fa18735fb92ce11fe9ce2b9ad20769d,,,,N,,,,,,
465,0x390f7b54c16f8b6c21e43855736fd1631f0e5092,,,,N,,,,,,
466,0x3996813efd2e7a8c9cbafd4bd2b3e8f5339969e2,,,,N,,,,,,
467,0x3aa370aacf4cb08c7e1e7aa8e8ff9418d73c7e0f,,,,N,,,,,,
468,0x3be247ccd14fb707c88320ed907e8048ac45d03a,,,,N,,,,,,
469,0x3be55fa41801303f058014683e65d5fb1c6ee54e,,,,N,,,,,,
470,0x3c973b9dec925e94a0fe98d2981d5ed2cfe7fb11,,,,N,,,,,,
471,0x3d1d5aeb2ec46693de9488529b5f993c97f2bc37,,,,N,,,,,,
472,0x3d35e6fae8f1a6bd87de38a062efc935e66c54ec,,,,N,,,,,,
473,0x3d82740f83d909ae99c7e0a4ca47670eb35b8b93,,,,N,,,,,,
474,0x3e31acf0b636f4b65d3cdf897250fa99caa163d6,,,,N,,,,,,
475,0x3ead004aa388863ee4c82288579d85336ca62443,,,,N,,,,,,
476,0x3f596416d15399371530bbed9ba546337bc4845a,,,,N,,,,,,
477,0x3fab31171c942d6e1bf8f9a791089be175b91a10,,,,N,,,,,,
478,0x40275b67fcf59e9b2825be0b4aa0d21e0f69d8f7,,,,N,,,,,,
479,0x40978b43e72410ea5fe76f702d00f6ef46f586fc,,,,N,,,,,,
480,0x4186e395443ff20ff8afe8f9678a967d6bba870c,,,,N,,,,,,
481,0x41afc08bf3a43b203b24cbe80a22510ba47dc317,,,,N,,,,,,
482,0x41d5bf5e7538d37eecc9f41b816acb55081a274e,,,,N,,,,,,
483,0x424c7d0f361bacda3d44490314425da3d618d407,,,,N,,,,,,
484,0x4267353801347d8e4e2c0b42b763dd279a919bb6,,,,N,,,,,,
485,0x42a4d747f87b2a8c3d4ed70f862ac572a6815c6f,,,,N,,,,,,
486,0x430189315845db6b26995856a4d8c3c13197eab1,,,,N,,,,,,
487,0x43b93084dde145ac05bd68e2500462f0b92501d1,,,,N,,,,,,
488,0x449b593553f0e4ec0e2dfe409368221b35b1842c,,,,N,,,,,,
489,0x44ae4efa8463ada0dbba34fd969b973c92cab5ca,,,,N,,,,,,
490,0x44b3cde3bf40e8655a85dcc8748412f34c7ddf05,,,,N,,,,,,
491,0x44d4d08bfdf492ea6510b8d872e38cc162446f95,,,,N,,,,,,
492,0x45225d3536ac02928f16071ab05066bce95c2cd5,,,,N,,,,,,
493,0x45265b2708b16ef07602c255d26de9c80142469b,,,,N,,,,,,
494,0x46d7d425fb8b73e021adc695e96b321364fba123,,,,N,,,,,,
495,0x47b8b818bc6cd2c77c461efd5d1b2600bc6ae664,,,,N,,,,,,
496,0x47db9d2744de2b9f457f41294688d5f8b4aa7418,,,,N,,,,,,
497,0x47ead0a7b1347da19d34185a118269874d6957c2,,,,N,,,,,,
498,0x4899349b8c7f78b1d80dc5fd2719f5f9acada9cd,,,,N,,,,,,
499,0x491561db8b6fafb9007e62d050c282e92c4b6bc8,,,,N,,,,,,
500,0x493405a06485d4b4e58887d148a7d4f57272e403,,,,N,,,,,,
501,0x4935b89605452dff3d03b33cc68f5bae6034ec25,,,,N,,,,,,
502,0x49e56e34247b604bafd7b60884e8357f0459c808,,,,N,,,,,,
503,0x4a1e374038c20ab4cc2e6a0cd1952033f17f8740,,,,N,,,,,,
504,0x4a5b84fb4c7666692c49f2e11664710aa4d0d2a0,,,,N,,,,,,
505,0x4a8f1f5b2a3652131eac54a6f183a4a2cf44a9a6,,,,N,,,,,,
506,0x4b71d79e81810aa66008256ebde8dcfef1bb226b,,,,N,,,,,,
507,0x4bf455b63087abe47eb5b4b2989e6785cba09166,,,,N,,,,,,
508,0x4c337a27538acee6ef2ee3b78176bb8f3d77ffdd,,,,N,,,,,,
509,0x4c36477d74e52f9279c9fde6d641832e7e373d31,,,,N,,,,,,
510,0x4d43a8ff008bfe7f1e9e71939aa02daa64352dad,,,,N,,,,,,
511,0x4d6af61f31c0a4c0a2d31b8c59f4cf44f9dbf2f8,,,,N,,,,,,
512,0x4d846da8257bb0ebd164eff513dff0f0c2c3c0ba,,,,N,,,,,,
513,0x4dcf555a8fe1097f5cca514e5dd0b4fdaec9081e,,,,N,,,,,,
514,0x4e88a7ef592a49b3e9b7546cde0e8ed320d3e8a9,,,,N,,,,,,
515,0x4efd8dfcf95da9fa25595e82c8a07a387703a86c,,,,N,,,,,,
516,0x4fc5ea5d20b0d882023b096e2d072d3294a4d80d,,,,N,,,,,,
517,0x4fdfb963b5a6ab64cf71f91904fe3f168d009cc0,,,,N,,,,,,
518,0x517c46825fb35c273de66d71dcef0d7b63b1076b,,,,N,,,,,,
519,0x526b507569ca21fd7cfa440aa68fee5c7e4cf16e,,,,N,,,,,,
520,0x527c3f6be1413c2c0d96859e55767296f5d64969,,,,N,,,,,,
521,0x54d1e805c4b5ac51397741e64578aebd4cfdd5f2,,,,N,,,,,,
522,0x54d22dcaba38a84c1d62eb136cd7725351ab982e,,,,N,,,,,,
523,0x54f4bd575b193df89168ad38b26fdf74f83f172a,,,,N,,,,,,
524,0x5549402bdf3206f9e24438dc6216ddee40bdd9b5,,,,N,,,,,,
525,0x558efeb4b5ffa143d19334908242006771cf3a07,,,,N,,,,,,
526,0x566424ca179305611d891184586113dbc75c6898,,,,N,,,,,,
527,0x56a74ac8740d61c222d65404270d1b9a1925052e,,,,N,,,,,,
528,0x56d2a325cd1885c2c60de9ce8423d78baee79d79,,,,N,,,,,,
529,0x5710d1e24902d1cdb9cc4dd622a579fece55f372,,,,N,,,,,,
530,0x57216f8e4df3fa71eea448d5fdb2619ce256f005,,,,N,,,,,,
531,0x575d1102ada99d29868cdd083a32511f08d5ef2a,,,,N,,,,,,
532,0x583e64bd7c83fc848254c665edaa3ff6b21c744d,,,,N,,,,,,
533,0x5849e26c4d60673cb8953f5211b366eb4dec6a8a,,,,N,,,,,,
534,0x591dc5c3d1a95567ee8b6f3bb2a8cf6f3a9f071d,,,,N,,,,,,
535,0x594b7efdda12093e98945c89243b71ff79409e4a,,,,N,,,,,,
536,0x5960d3c809a1d1990cf09f0b7915af28e460e320,,,,N,,,,,,
537,0x598d22c2778138bf32fa9405048cd8e809c8b785,,,,N,,,,,,
538,0x5a1facc37d52f7649fa374bfa328fd7bda7ce56e,,,,N,,,,,,
539,0x5a57cfafe8b9e94419cc7d0cb1f4a95c73f40110,,,,N,,,,,,
540,0x5a85aafa7fbca99ea32df27c33b14831feeb20f9,,,,N,,,,,,
541,0x5aa3393e361c2eb342408559309b3e873cd876d6,,,,N,,,,,,
542,0x5bcf8de17b76e12ab84cf8b64bf34c5a54147ba3,,,,N,,,,,,
543,0x5c198c30471584cf0d9757cebe6fc58c99b6fe52,,,,N,,,,,,
544,0x5cd50059c4f8e6a3789ee843e52523174fef8983,,,,N,,,,,,
545,0x5cef598bfb2bc2711f114a8f13549ad17dff4e22,,,,N,,,,,,
546,0x5d6402d366ce327b28c9ab08ba526f32c0a47b9b,,,,N,,,,,,
547,0x5e77f4e24b4f3448920857d87215ee30c05c6e4b,,,,N,,,,,,
548,0x5e90bb55bda16dcbe9f9ec0964c2f1f63f4df27e,,,,N,,,,,,
549,0x602b93a6ab102907a40cde6b786cd07b4279e796,,,,N,,,,,,
550,0x604df452158e7ddf3e44338308edc079a953c9da,,,,N,,,,,,
551,0x6101b69c06efc3c1ae68ebea61aa1c746fe628d7,,,,N,,,,,,
552,0x610761dbc1c68c905b34c5e0dd2acc77778b0943,,,,N,,,,,,
553,0x61813ba8908bfef1ebbc5261cf87114c8553d1bc,,,,N,,,,,,
554,0x622a0ada3cd0c1f5c843e38f9ed0d859b7589f90,,,,N,,,,,,
555,0x62a624897f020aa454ee42beecb1a483424893da,,,,N,,,,,,
556,0x63cbe43358b145d3ebed734dcfcd69b51f5149fb,,,,N,,,,,,
557,0x65126679d2055f70ccc893a3582dad100bf693af,,,,N,,,,,,
558,0x669a7b78bbd76f36aac03fbf681f428e88457cad,,,,N,,,,,,
559,0x66c5f629a79d87093eaf43da8e5cb5901b7cf824,,,,N,,,,,,
560,0x67697cd53e4092be798f7fbb5e0fdd5fc98e5df0,,,,N,,,,,,
561,0x677980de609cd9cde323f9465d6e0ddb0e425b78,,,,N,,,,,,
562,0x67a44f9cd2a9e361ae1e4c123a4235ee0ae23dae,,,,N,,,,,,
563,0x67d08addb4900d931ab95918c2fb750970586329,,,,N,,,,,,
564,0x6811d2d664590a59727cc0f35b938a2d9f5ab49d,,,,N,,,,,,
565,0x68628dbbdb1f9cf6d5e8454daabfdfe1e8bcede8,,,,N,,,,,,
566,0x6887246668a3b87f54deb3b94ba47a6f63f32985,,,,N,,,,,,
567,0x6891846e0401139ff4f2dc707b9d395ac534f8c9,,,,N,,,,,,
568,0x69073269729e6414b26ec8dc0fd935c73b579f1e,,,,N,,,,,,
569,0x6953238338ffd95b84b176b3fc25384914885163,,,,N,,,,,,
570,0x6a597baf0805daab48a459358432f7ad1002c582,,,,N,,,,,,
571,0x6a88f5532fa894bcc1b629b78bd88723539d12e0,,,,N,,,,,,
572,0x6ac41850480d96b9986f782b0f621a520bdc43dd,,,,N,,,,,,
573,0x6d0164ba88991be0403d5f3b2516c28c862f8e55,,,,N,,,,,,
574,0x6d292ceedb53ad7c87809cef8ea8b12f1415c766,,,,N,,,,,,
575,0x6d45183c465f0757c3aec6489bbff7fe19e9da6f,,,,N,,,,,,
576,0x6dfc34609a05bc22319fa4cce1d1e2929548c0d7,,,,N,,,,,,
577,0x6e107048eafcf2648a950e7c18ba44a6adfcfec2,,,,N,,,,,,
578,0x6f01c6ac94f2a1551dd25ef76987609a6712144a,,,,N,,,,,,
579,0x70bab39f53f3abb9a3e3938a1849e9d19e618c79,,,,N,,,,,,
580,0x70d7ba320791baf88b117fe84b1a57d395c22cb0,,,,N,,,,,,
581,0x713bbf05b73c5beb35023720e913bfb14a337d75,,,,N,,,,,,
582,0x71ba7e6a569e5ff2b996a8fac81fbb59053650b6,,,,N,,,,,,
583,0x71c5943d5aff01ff21730df9ce9e73d7031fd60e,,,,N,,,,,,
584,0x72289069a7eed1ef1717cfddaaad62b3274c84d8,,,,N,,,,,,
585,0x73724c58b85ba6dd375f41c3f452efd923ce622d,,,,N,,,,,,
586,0x73bceb1cd57c711feac4224d062b0f6ff338501e,,,,N,,,,,,
587,0x73d02e464bdaf2f4ae3b4c4d6083c38ac6b65b71,,,,N,,,,,,
588,0x73f3007f5737691fb30cd7a9ffab98e77471ca1b,,,,N,,,,,,
589,0x74de5d4fcbf63e00296fd95d33236b9794016631,,,,N,,,,,,
590,0x74dec05e5b894b0efec69cdf6316971802a2f9a1,,,,N,,,,,,
591,0x7584d87855f32e7455428b198fa96c3e053f6866,,,,N,,,,,,
592,0x75e1a9485582da07aca2f5ae9fc4044a44e6a08f,,,,N,,,,,,
593,0x77226d9cc12862dcfafcd0eb514cc4b696a57233,,,,N,,,,,,
594,0x7755c7ecc1ddfe1bef974c10ee5522500596ba16,,,,N,,,,,,
595,0x77dd52c08f4aaa9da42ed1bf2e738b8969ab980f,,,,N,,,,,,
596,0x77ec2a722c2393d3fd64617bbaf1499c713e616b,,,,N,,,,,,
597,0x78b46f9922923cad627fba5682f9567f46622033,,,,N,,,,,,
598,0x7923b7e68ee176ab23fbcf31eb727beaaf4e8f37,,,,N,,,,,,
599,0x79f1911693792b083a541e1e2ee09f11e0bd11f7,,,,N,,,,,,
600,0x7a116b21e0c8729b8b6939bd526274da0208743d,,,,N,,,,,,
601,0x7b521dd7d98bbd54d369770583b3c7478e9ae534,,,,N,,,,,,
602,0x7b782abdc3c9a4722ca224febbd9d2cbe0cc2eb3,,,,N,,,,,,
603,0x7dc322bcd305916acb56e995f5a886c4b8bbdade,,,,N,,,,,,
604,0x7ddb0d47155e3d69dd0767b355e70b4927ee9838,,,,N,,,,,,
605,0x7defc4962689b8a2c238ae151342ae9b3d88d218,,,,N,,,,,,
606,0x7e4b27e1fe9632e361814a668f1e8546ea514cbd,,,,N,,,,,,
607,0x7e70eb323cb0e3fcb91c4cc71abe45dbc980865c,,,,N,,,,,,
608,0x80ef0df942c784efd099a5c1c9996759cb94d9a7,,,,N,,,,,,
609,0x80f590388e412f409e8223886a315e0f98fcb2ed,,,,N,,,,,,
610,0x8169b1d17ce9baf28bedd917937d1b9352c362fa,,,,N,,,,,,
611,0x8215dbaa846fe5188ba0f2b525496ef966560f15,,,,N,,,,,,
612,0x821a08770c428fb15b49f562f606f209de535e80,,,,N,,,,,,
613,0x824ad56a1fe7e564b52ebf1c6ca78b0ef8e01b24,,,,N,,,,,,
614,0x8403c6285392be191c4c944fb7189d7d9d756409,,,,N,,,,,,
615,0x842ad182610c231d2466dac22bdc9853012937b1,,,,N,,,,,,
616,0x844d15d0605657825b1ce3a2f6a57b6f9f2dc569,,,,N,,,,,,
617,0x84c4514c408add63b345d4401ed950b3e39f20ba,,,,N,,,,,,
618,0x850045e7c15c27c018e2d88c472011f236f8725a,,,,N,,,,,,
619,0x85531a2fe3c5a654962cb507362c0db38897367d,,,,N,,,,,,
620,0x85ad8bdf4a7b81cb647b90250b5b2f83cf23efe4,,,,N,,,,,,
621,0x85f6c8390681c5e3a66be477facc946cb767dca9,,,,N,,,,,,
622,0x87839e0378c62d8962c76726cfdd932a97ef626a,,,,N,,,,,,
623,0x87bc63040290caa8b6ccc1672135f74840a1f2c7,,,,N,,,,,,
624,0x87cbc48075d7aa1760ac71c41e8bc289b6a31f56,,,,N,,,,,,
625,0x8876819535b48b551c9e97ebc07332c7482b4b2d,,,,N,,,,,,
626,0x893b5110cfc9fd970f802efd35cc4f90a3275520,,,,N,,,,,,
627,0x8ad982f70cae30aefca233f6378b2226827d7b96,,,,N,,,,,,
628,0x8b964f9586724b9220875cc213d837e3c45ce531,,,,N,,,,,,
629,0x8bde6e2da511d140813dcbf1acd488186a60a747,,,,N,,,,,,
630,0x8bff2d1ec8df78bdc4d0becc03cc7ada6fcb1a63,,,,N,,,,,,
631,0x8c0556dd72f27246b0cce8a66374364ba52ac1a1,,,,N,,,,,,
632,0x8cd32134847e764a3784a87c5a5b4c13474f516f,,,,N,,,,,,
633,0x8dca993d8625c32d02d0d75d024d107fccfd01f0,,,,N,,,,,,
634,0x8ddcd0b6526921dc98d8f73f20ebf88251949534,,,,N,,,,,,
635,0x8e381d2720aa3a2297014632f0794d3370a590f3,,,,N,,,,,,
636,0x8f107bae3c4413212f783b016b915c31f9e00fac,,,,N,,,,,,
637,0x8f19e091491b09b6ed954c8f41f08e92790a56f9,,,,N,,,,,,
638,0x8fbe49da7aeadf2bf92e772f52b8449ff1b286eb,,,,N,,,,,,
639,0x9089328fd1cdb578fd6ddd7606af1289ec298d63,,,,N,,,,,,
640,0x911d86c1f8849777c942f44902bd6e6e7f251520,,,,N,,,,,,
641,0x912fd21d7a69678227fe6d08c64222db41477ba0,,,,N,,,,,,
642,0x913f2dee2746cda2ab34106c47abc4a8f4e36fa5,,,,N,,,,,,
643,0x91a3ebce4e0d326539c6e2720f25449774cb615e,,,,N,,,,,,
644,0x92663fdc7050329c34031e1077ec846ed7dac58a,,,,N,,,,,,
645,0x92bd876319b474588a30b815f3e61d872305538f,,,,N,,,,,,
646,0x93167d365789e394a2f078dda8bc55c481714690,,,,N,,,,,,
647,0x93800a256297d5f651ad9609a17cc8dedc57bd95,,,,N,,,,,,
648,0x94073592368e838dd614fa629b37f60ec7b1c3a4,,,,N,,,,,,
649,0x94fa6cf29708146f6a8be90edb5d006c8caee1cd,,,,N,,,,,,
650,0x95a9bd206ae52c4ba8eecfc93d18eacdd41c88cc,,,,N,,,,,,
651,0x96212929e3de18921dd0969384ae8c795653cf27,,,,N,,,,,,
652,0x9632ad337e5ceb81077c9c6cf1e93146f80a9d16,,,,N,,,,,,
653,0x969378cdb054d9887392b21c84afab429029a91a,,,,N,,,,,,
654,0x96c195f6643a3d797cb90cb6ba0ae2776d51b5f3,,,,N,,,,,,
655,0x9891383cd6396dff0badeb04392799f754bb52b7,,,,N,,,,,,
656,0x9a7c61f909f19b1b212ea45f3fddd173c13f2b64,,,,N,,,,,,
657,0x9aab019c4c67e5501c0c84bbdbd2540972392145,,,,N,,,,,,
658,0x9af9fac4fe4fda4d5b5330997bfd37603cce4a10,,,,N,,,,,,
659,0x9b7384b822a748b667b3bae9bfb8aa32d1b61710,,,,N,,,,,,
660,0x9bd0c62776914d6e03500659c495c2e5d91aebec,,,,N,,,,,,
661,0x9c37195b0e620f0b429a615a29045137a0871bba,,,,N,,,,,,
662,0x9cc5be83b211620cfe23e25bc65d6da6751bcf09,,,,N,,,,,,
663,0x9d6b54b11a43f73c4b174e93c56609558ca7660d,,,,N,,,,,,
664,0x9ea468e0ffc6a6dbfc6c81e81efe15719fd88b67,,,,N,,,,,,
665,0x9ee589c6bc050971f87d67f28ac917b166cb6a64,,,,N,,,,,,
666,0x9f2a6fa34ad8f0e8acdc77c24573b0324de97166,,,,N,,,,,,
667,0x9f67509404dec976506fad264aeb3b50a751e3b3,,,,N,,,,,,
668,0x9f88c19b6d89b275ce0c186d18d025172ea979b5,,,,N,,,,,,
669,0x9ff3a106365cf10d2fa18f3216dda5999e33f5e7,,,,N,,,,,,
670,0xa286e0c0fd25bbeadc028f1c073769bdd665a08a,,,,N,,,,,,
671,0xa2aa74d8542a917a51601f0105e03febbde52eed,,,,N,,,,,,
672,0xa32e317f86ba61e87083e3e39bebba3837697678,,,,N,,,,,,
673,0xa3f480eb9e0a0d91d20538464c89a7d3d4951b63,,,,N,,,,,,
674,0xa4e5961b58dbe487639929643dcb1dc3848daf5e,,,,N,,,,,,
675,0xa5127ee82651ebb55f32d3393d64aa10feb12c31,,,,N,,,,,,
676,0xa5e537f21987bcf2e79d9055f1a18fdc64ceb901,,,,N,,,,,,
677,0xa655830c25ab889ed53508aa953bd5eee8de47a0,,,,N,,,,,,
678,0xa75f5d5427e0b9c506aa7da99e2a932ea04bd88b,,,,N,,,,,,
679,0xa7e15ef7c01b58ebe5ef74aa73625ae4b11fe754,,,,N,,,,,,
680,0xa83b11093c858c86321fbc4c20fe82cdbd58e09e,,,,N,,,,,,
681,0xa898d9a43d18df8fadd6ee242b49d26b4c1bcd28,,,,N,,,,,,
682,0xa8fdfe346972389e90b5f706ba5674f11a356425,,,,N,,,,,,
683,0xa91fb2f57d9394ef1dabb36a13cc92a64a6c8831,,,,N,,,,,,
684,0xa9ad44aa88fde1f51c4724a0e9d68c67def45ee2,,,,N,,,,,,
685,0xaa5a67c256e27a5d80712c51971408db3370927d,,,,N,,,,,,
686,0xaa81ce429095f56bddb09a862e805464f9380fe9,,,,N,,,,,,
687,0xaa8861b4280823afc36a467b40dd3c9abed8ec60,,,,N,,,,,,
688,0xab8da4a15424e0a51b31317f3a69f76f1c4033c1,,,,N,,,,,,
689,0xab914cb8c00936e1f69897fe0331853d1267b838,,,,N,,,,,,
690,0xabad833d66c2999cafec333f2948c628be1d4a53,,,,N,,,,,,
691,0xad233db0ba3dcc071b0625921ea01720cf0aba9f,,,,N,,,,,,
692,0xae19d0a772888d510c1984a115e470370c2bf4b6,,,,N,,,,,,
693,0xae7c9af4ca7eb419efaa0f6c654bd75ffad8c356,,,,N,,,,,,
694,0xb13235831ddd1aa3da3206d0e2f150503feca36c,,,,N,,,,,,
695,0xb25b68dda1a0739efdafce4ed269552e56edd0ff,,,,N,,,,,,
696,0xb25da05f6704d4122183b86f824a890d7887f1fb,,,,N,,,,,,
697,0xb37909514ac6fb59d5c67cae946ff0d7f6a44835,,,,N,,,,,,
698,0xb43caf712ab3d62909975ef88bf84b46e6867182,,,,N,,,,,,
699,0xb44851dc9eda45000e49846c8bb79fb1e53507f6,,,,N,,,,,,
700,0xb4b927fee85ab721dce816f4180bec7c2cb26355,,,,N,,,,,,
701,0xb59f197b06b600cddf90a2b24fb6975c38ae661a,,,,N,,,,,,
702,0xb6461f3c43a44ac5180da996e352d37c9c1153ad,,,,N,,,,,,
703,0xb64cbb25419a0c2c73836d0af676f48e42472036,,,,N,,,,,,
704,0xb65a755ee2ee2fd3d65b22d4163d53b6e201ef55,,,,N,,,,,,
705,0xb8283c5d07c5379ac7042b3f0700fe5d8f8b17af,,,,N,,,,,,
706,0xb8ac6dec186496ad25ef7fdc7f341d93db928d30,,,,N,,,,,,
707,0xb8f3a9296637123b591a56d31c4343f9c75c01bd,,,,N,,,,,,
708,0xb9564fa811ea1376268cce35dfff7627d15f634d,,,,N,,,,,,
709,0xb9b64b47eab858ce08cc7c8b7ba0d0a113faeabe,,,,N,,,,,,
710,0xbaec6ed4a9c3b333e1cb20c3e729d7100c85d8f1,,,,N,,,,,,
711,0xbbf432622e9811d95ddd018fd891ae6593cb3efc,,,,N,,,,,,
712,0xbc1e24c83aabcaf5960ca37e1c1c43b61f6825b9,,,,N,,,,,,
713,0xbc713c6fd2ad5e965a2e3f8db40f13448527545e,,,,N,,,,,,
714,0xbc9164ed37f8256d45383667da6da3d91ccd44c2,,,,N,,,,,,
715,0xbc9b1e338fadf78c6a5667d1efb11c75b627a5fd,,,,N,,,,,,
716,0xbe33406a4d72dc9af55c6a6d18649a78d7b3a9f1,,,,N,,,,,,
717,0xbea8b72a7a11793690459d09619ab02526395fec,,,,N,,,,,,
718,0xbfa2f68bf9ad60dc3cfb1cef04730eb7fa251424,,,,N,,,,,,
719,0xc0618b0b85e6e1c0a214be6123a50d9289119f17,,,,N,,,,,,
720,0xc0cef6da40144bc148f744c6c07c5fcb75b92521,,,,N,,,,,,
721,0xc224e63a4f17af617c1e9cb54f18b94b02a8ecaf,,,,N,,,,,,
722,0xc328389fd62190659156c8c81294309a3ec10e0e,,,,N,,,,,,
723,0xc3539f72a7877777a5e5dd383429cb2ae7524f53,,,,N,,,,,,
724,0xc3f186a20e7cc19b0ac0b0b0688ecb15c2e1b428,,,,N,,,,,,
725,0xc4d59742bd702e92e746d44b3aa2b7c99a780325,,,,N,,,,,,
726,0xc52de6455aa441fa3d41252680b2b30074242088,,,,N,,,,,,
727,0xc55705f6cad875d0f7e94b2b6e667fb087e19e3a,,,,N,,,,,,
728,0xc58bb74606b73c5043b75d7aa25ebe1d5d4e7c72,,,,N,,,,,,
729,0xc5cbc73a37eda8ea1c58744276f2afeaf686b64b,,,,N,,,,,,
730,0xc5fb5141121c4efbe6dbbbb8f96db09d1197d947,,,,N,,,,,,
731,0xc60047d770a67809bba246cd1c9b917d9244c97a,,,,N,,,,,,
732,0xc622b5fb8046950a4e56e98fe2b2a0e97340b82c,,,,N,,,,,,
733,0xc68576aee65cd106371db9bc903b81f98077a8d6,,,,N,,,,,,
734,0xc6a617de8de20f9ae61d43e75970cf3538690641,,,,N,,,,,,
735,0xc86a558056c525fddc6d5f2b0a0f83ea371f75a8,,,,N,,,,,,
736,0xc946f855fc851622e431c4cdc435e9a3474248c4,,,,N,,,,,,
737,0xc9c5920758244a15638044e41a1e1bd2fe457b6d,,,,N,,,,,,
738,0xc9c76cf73ce87527fed84cf9bc1f131106c8829c,,,,N,,,,,,
739,0xca37928c4df0a9ff9ec33a5bf7c5e40d77411591,,,,N,,,,,,
740,0xca7c2771d248dcbe09eabe0ce57a62e18da178c0,,,,N,,,,,,
741,0xca8fa8f0b631ecdb18cda619c4fc9d197c8affca,,,,N,,,,,,
742,0xca9c9ce08ab150237063dfec5f110ba0d52de61b,,,,N,,,,,,
743,0xcb12a15f0fdaec39baa4f4779450c9ac36125a04,,,,N,,,,,,
744,0xccf37287436142c4ad52d669462934cbe9933a60,,,,N,,,,,,
745,0xcd3654cd6546822d189bbcf340ef73977a0e4361,,,,N,,,,,,
746,0xcdc22bfda312be7bd7b6f993e7850ba5a8669e59,,,,N,,,,,,
747,0xceef3227be953d688e89e5fd4cc11f3617f6b100,,,,N,,,,,,
748,0xcf60a96e8b89cc6d9ea382be0ae805ee3fcddb8a,,,,N,,,,,,
749,0xcfe181b9a430191c9a1c55374a2af91649b3b50e,,,,N,,,,,,
750,0xd259d197936c6c3787869078d7e6d8a6bff7c568,,,,N,,,,,,
751,0xd2a66c0c6c9f38b4d94fabe0b96a909a37ed0f92,,,,N,,,,,,
752,0xd37dafee61af6e66de7dd973a0a39c21c7b650c3,,,,N,,,,,,
753,0xd3dbc13244d4730186bf9be71220faf347ba3353,,,,N,,,,,,
754,0xd3f6499b9ce5012f1e18b591e4684cc6ec13ea15,,,,N,,,,,,
755,0xd4784e58de068a1d6ebe526c0768c294ecbe726e,,,,N,,,,,,
756,0xd581ad73eaef5b672a15a217d26c3b959c9df52f,,,,N,,,,,,
757,0xd60081b3d1b2f8604bfebc0a54d03fad6752bc72,,,,N,,,,,,
758,0xd61d8dcd8132202e8f2f0f88b581c0e64d1736f7,,,,N,,,,,,
759,0xd756ba6d34783563ddcab569c39b7529eab27dfa,,,,N,,,,,,
760,0xd7eeec44ec2bc82985c4e6cb86838c6e4453ccb4,,,,N,,,,,,
761,0xd86c6ae32199d1c14e573f3bd9987dcc1b4fec49,,,,N,,,,,,
762,0xd92f8e487bb5a0b6d06bc59e793cdf9740cdf019,,,,N,,,,,,
763,0xd935a22742aea624ed3abec1f6a56aa0977324eb,,,,N,,,,,,
764,0xd98306899379ae5dadb4652707de605d02089d5e,,,,N,,,,,,
765,0xd99f5d6d6b75bba26d9f6e3db4091d378003fba0,,,,N,,,,,,
766,0xd9c14a4906e1557f61f7fee04d2842f52fdc22b6,,,,N,,,,,,
767,0xdabe57d4c01ef4f055b31cef305b99d81a0804ad,,,,N,,,,,,
768,0xdbf07b87a67d0e978a3706fd0d4d6b0ebc78c8d4,,,,N,,,,,,
769,0xdd7f18440c73bf2b39c3fcaaf873a99286d295ac,,,,N,,,,,,
770,0xddf649ae14f87fcaeebc1d9af8dd1e2d1e182234,,,,N,,,,,,
771,0xddf744374b46aa980ddce4a5aa216478bf925cd1,,,,N,,,,,,
772,0xde6c87bc55f0a9b2dbae133bf97aa9eff5030e13,,,,N,,,,,,
773,0xdf23ebb1057a3be885c87b2b985a001fe646b76c,,,,N,,,,,,
774,0xe0d7dc0e073da984626f1171bb96d42e7ad74303,,,,N,,,,,,
775,0xe0ffcf7d2a12855f812210c85e3e8d1a209723aa,,,,N,,,,,,
776,0xe107a20ce3836329a3c310e9a2da812cfb177f72,,,,N,,,,,,
777,0xe175b3ef6ac9e0e000f294552d33196523c41067,,,,N,,,,,,
778,0xe1955ea2d14e60414ebf5d649699356d8bae98ee,,,,N,,,,,,
779,0xe1e0da672b12f7d0d025f4b52512ab1678b2c7fd,,,,N,,,,,,
780,0xe3112d45505d2391b23ccce49b4648da505fef70,,,,N,,,,,,
781,0xe38dd3819a09570335330a0cdb1955233f955096,,,,N,,,,,,
782,0xe3a94a49faa3a4ebc91c81a4f6522ba89cd04e07,,,,N,,,,,,
783,0xe41570e95f7fbb9492d3f88077f2d2f6aec9f6f5,,,,N,,,,,,
784,0xe47e60f6b8b13c079e3c27e1f855a79e16ca8d54,,,,N,,,,,,
785,0xe4b35743c2c15760d7551afc9c304ec0dc30ba50,,,,N,,,,,,
786,0xe50cc6b2c9524070179586b2c976a66bd8c49186,,,,N,,,,,,
787,0xe5a8b35eaa3c14e0a6514f800825e1e6687bf23e,,,,N,,,,,,
788,0xe5b8ff1ca1c3ef2ac704783d6473ee5a9be7e02d,,,,N,,,,,,
789,0xe5cac983f5f01490d2e099e385383239fe87078a,,,,N,,,,,,
790,0xe6a28e1eee285a154432b9d3f4425499165618fe,,,,N,,,,,,
791,0xe75256158b1a71d95454eea579015d79024813b2,,,,N,,,,,,
792,0xe75f7cbb55f6c333cc4056a3f69f731e99e7c1fc,,,,N,,,,,,
793,0xe81d6fce840ab873c7bccb6c2ab15e4b6daf92c7,,,,N,,,,,,
794,0xe8b15f1e49e3580b21b886ded872bd6b76f6ba3e,,,,N,,,,,,
795,0xe8f534419cb7a0af8fa5ac177882a54378f5a407,,,,N,,,,,,
796,0xe8fdd0f04d684d741cb3cac1d7821f1de148a496,,,,N,,,,,,
797,0xe92d1a43df510f82c66382592a047d288f85226f,,,,N,,,,,,
798,0xea264043df2932f9b1b554713d7262975109f2b2,,,,N,,,,,,
799,0xea706663f6b1654cb4bfd717a6fc340ea10bc3c1,,,,N,,,,,,
800,0xeaa6cb80a5593e14c5a5fd38ae3d16dcb5ef75f5,,,,N,,,,,,
801,0xeb55a78c79b91719f6817855c5ad43a7aa0bf08c,,,,N,,,,,,
802,0xebc3bb163bbb54127ae5b2fb318711aedaa05776,,,,N,,,,,,
803,0xec24e3027799450b51164b43122bf0312d4ebf62,,,,N,,,,,,
804,0xec676c9300162ca95aff2a3370cb3cdfa8458f40,,,,N,,,,,,
805,0xee4cceba1a8852d6752c01e88f974ed81b2e0d13,,,,N,,,,,,
806,0xee54c18290166b30a8baebf729205b6257c66093,,,,N,,,,,,
807,0xef1c68fb74782a63ca676e39887925bf38736ed6,,,,N,,,,,,
808,0xef4f6afc2552eaa6089293f6ccd277435229cc59,,,,N,,,,,,
809,0xf0228fbf57fb29af7bec0d18f8bcca662b66d3a3,,,,N,,,,,,
810,0xf08889f3b4f5a56482fc295db2ffc7301f888ca0,,,,N,,,,,,
811,0xf08d0d9698e2ffb935a436904db23ddc7717ed79,,,,N,,,,,,
812,0xf1090f830f2cb18bead62143e13860c764f30236,,,,N,,,,,,
813,0xf1150712cf0951c6c7094529f62fc4698bfecc78,,,,N,,,,,,
814,0xf16b1cae2b26234e943848f98c2e02a2d479dcea,,,,N,,,,,,
815,0xf18360ef7600cfc67e74f4ba85d9dfde5a68b302,,,,N,,,,,,
816,0xf1909ab9f5b9f41e3795b0dbd78febbdb8b3f693,,,,N,,,,,,
817,0xf19f93b6aeb042ceba20569873b17d7da1820c3b,,,,N,,,,,,
818,0xf1ee4df18501733ee4a86b873168932c3ca12d5f,,,,N,,,,,,
819,0xf1f61b791b7828b94751c2a63832da75db96e06f,,,,N,,,,,,
820,0xf1fde6e9f0c8042d49077583f2401e0199022c90,,,,N,,,,,,
821,0xf27aa5004a3f5bf92e3c9080a94de7282ff4967e,,,,N,,,,,,
822,0xf28df3a3924eec94853b66daaace2c85e1eb24ca,,,,N,,,,,,
823,0xf3890a2b021f4bc2b7e76fc7fc013cfbda0ac9c4,,,,N,,,,,,
824,0xf46b758c25484a6170227a0471a49077d3a1dab6,,,,N,,,,,,
825,0xf49f263806a1defa546f6d388615bbc487e53ab1,,,,N,,,,,,
826,0xf53c8d6e099cd383a4eb847a55f6e8828c551997,,,,N,,,,,,
827,0xf55982f966b5183160f882df02e46ebfa92c6d0b,,,,N,,,,,,
828,0xf5a85584f8cbb0fb644fb2543878df528eae3c37,,,,N,,,,,,
829,0xf63b6622760d43ad06125022a20f836c02ccda6e,,,,N,,,,,,
830,0xf679a80a7fc24b4f0bbce115f07cbc3171255e64,,,,N,,,,,,
831,0xf71ca3686a29f16ca959b0705c9fd1559b8f4ccc,,,,N,,,,,,
832,0xf80ebc544950556095b34e20444ef4e8e5a79db0,,,,N,,,,,,
833,0xf8956f322bc54451c186aa0bce61543e2787eca7,,,,N,,,,,,
834,0xf948e71cb074c4b330b27d28cb6f51c1fd98c881,,,,N,,,,,,
835,0xf9ac535b6192d33dd5bcb4d088e1c11dea9b7c3b,,,,N,,,,,,
836,0xfa55a8465e851feded6433d8a25e109957d6e52d,,,,N,,,,,,
837,0xfb6a67e109fc5b1600dc0b128e8f950023829b85,,,,N,,,,,,
838,0xfb796da4cbc59a0a6c8342614a1d49b6fc1ff40b,,,,N,,,,,,
839,0xfba17aca0797f72bd8152c5e519100c0c4caf0ad,,,,N,,,,,,
840,0xfbbe05954c6b138999548171c272a1b109d89471,,,,N,,,,,,
841,0xfefa8d5093ffd962a094fdba722a2c30d1c7a822,,,,N,,,,,,
842,0xff64a8933e05c9d585ab72db95d207ebee9be5a8,,,,N,,,,,,
843,0xffcdfbd4acc3ed701a12e897774b1e5dfe296803,,,,N,,,,,,